model,location,target_end_date,forecast_date,horizon,target_type,scale,interval_score,dispersion,underprediction,overprediction,type_and_scale
combined crowd,GB,2021-05-29,2021-05-24,1,Cases,log,0.32563403187845,0.0449545921781198,0.28067943970033,0,Cases - log
combined crowd,GB,2021-05-29,2021-05-24,1,Cases,natural,5411.72410166553,572.359364863193,4839.36473680233,0,Cases - natural
combined crowd,GB,2021-05-29,2021-05-24,1,Cases,sqrt,20.9283227552367,2.53174732627644,18.3965754289603,0,Cases - sqrt
direct crowd,GB,2021-05-29,2021-05-24,1,Cases,log,0.199366215751864,0.0618501117586031,0.137516103993261,0,Cases - log
direct crowd,GB,2021-05-29,2021-05-24,1,Cases,natural,3390.44122217391,895.298613478261,2495.14260869565,0,Cases - natural
direct crowd,GB,2021-05-29,2021-05-24,1,Cases,sqrt,12.9615728350693,3.70785123927728,9.25372159579204,0,Cases - sqrt
rt crowd,GB,2021-05-29,2021-05-24,1,Cases,log,0.427193622638511,0.0399942441992608,0.38719937843925,0,Cases - log
rt crowd,GB,2021-05-29,2021-05-24,1,Cases,natural,6919.37965339987,467.155529006995,6452.22412439287,0,Cases - natural
rt crowd,GB,2021-05-29,2021-05-24,1,Cases,sqrt,27.0903819747155,2.15824721200402,24.9321347627114,0,Cases - sqrt
combined crowd,GB,2021-06-05,2021-05-24,2,Cases,log,0.62520561681442,0.0576529537773463,0.567552663037074,0,Cases - log
combined crowd,GB,2021-06-05,2021-05-24,2,Cases,natural,13747.7629609444,783.281580501852,12964.4813804425,0,Cases - natural
combined crowd,GB,2021-06-05,2021-05-24,2,Cases,sqrt,46.0248318847161,3.35034902371999,42.6744828609961,0,Cases - sqrt
direct crowd,GB,2021-06-05,2021-05-24,2,Cases,log,0.428609554154597,0.0768047995645973,0.35180475459,0,Cases - log
direct crowd,GB,2021-06-05,2021-05-24,2,Cases,natural,9776.99931608696,1219.59844652174,8557.40086956522,0,Cases - natural
direct crowd,GB,2021-06-05,2021-05-24,2,Cases,sqrt,32.1613787674934,4.81527983834591,27.3460989291475,0,Cases - sqrt
rt crowd,GB,2021-06-05,2021-05-24,2,Cases,log,0.7589767023979,0.0538471824265023,0.705129519971397,0,Cases - log
rt crowd,GB,2021-06-05,2021-05-24,2,Cases,natural,15928.754452144,646.965584290306,15281.7888678537,0,Cases - natural
rt crowd,GB,2021-06-05,2021-05-24,2,Cases,sqrt,54.501383344515,2.94365798332935,51.5577253611857,0,Cases - sqrt
combined crowd,GB,2021-06-05,2021-05-31,1,Cases,log,0.132394395373332,0.0616879718599009,0.0707064235134308,0,Cases - log
combined crowd,GB,2021-06-05,2021-05-31,1,Cases,natural,3502.04451033071,1507.85520427706,1994.18930605365,0,Cases - natural
combined crowd,GB,2021-06-05,2021-05-31,1,Cases,sqrt,10.7397429856355,4.80508636188545,5.93465662375002,0,Cases - sqrt
direct crowd,GB,2021-06-05,2021-05-31,1,Cases,log,0.180853423951838,0.0588165727352495,0.122036851216589,0,Cases - log
direct crowd,GB,2021-06-05,2021-05-31,1,Cases,natural,4666.4124576087,1315.89180543478,3350.52065217391,0,Cases - natural
direct crowd,GB,2021-06-05,2021-05-31,1,Cases,sqrt,14.4871916453237,4.38425580168937,10.1029358436343,0,Cases - sqrt
rt crowd,GB,2021-06-05,2021-05-31,1,Cases,log,0.103045322993516,0.0653061323603841,0.0377391906331317,0,Cases - log
rt crowd,GB,2021-06-05,2021-05-31,1,Cases,natural,2804.77763621129,1715.30931242406,1089.46832378723,0,Cases - natural
rt crowd,GB,2021-06-05,2021-05-31,1,Cases,sqrt,8.47619099925523,5.27086287379807,3.20532812545717,0,Cases - sqrt
combined crowd,GB,2021-06-12,2021-05-24,3,Cases,log,0.882897967307567,0.0693314808193714,0.813566486488196,0,Cases - log
combined crowd,GB,2021-06-12,2021-05-24,3,Cases,natural,26489.5977398151,1066.70784649649,25422.8898933186,0,Cases - natural
combined crowd,GB,2021-06-12,2021-05-24,3,Cases,sqrt,75.5174320731226,4.28143584923411,71.2359962238885,0,Cases - sqrt
direct crowd,GB,2021-06-12,2021-05-24,3,Cases,log,0.637232296576891,0.0898820923788333,0.547350204198058,0,Cases - log
direct crowd,GB,2021-06-12,2021-05-24,3,Cases,natural,20160.6766113044,1675.52661130435,18485.15,0,Cases - natural
direct crowd,GB,2021-06-12,2021-05-24,3,Cases,sqrt,56.064613186779,6.09175984074468,49.9728533460343,0,Cases - sqrt
rt crowd,GB,2021-06-12,2021-05-24,3,Cases,log,1.04814304487762,0.0673655189113136,0.980777525966303,0,Cases - log
rt crowd,GB,2021-06-12,2021-05-24,3,Cases,natural,29656.0890889455,885.361943816721,28770.7271451287,0,Cases - natural
rt crowd,GB,2021-06-12,2021-05-24,3,Cases,sqrt,86.8171174581101,3.84590715502773,82.9712103030823,0,Cases - sqrt
combined crowd,GB,2021-06-12,2021-05-31,2,Cases,log,0.218115897741831,0.0787797212470666,0.139336176494765,0,Cases - log
combined crowd,GB,2021-06-12,2021-05-31,2,Cases,natural,8227.13461520028,2539.0619666895,5688.07264851078,0,Cases - natural
combined crowd,GB,2021-06-12,2021-05-31,2,Cases,sqrt,21.090879268178,7.03085364506938,14.0600256231086,0,Cases - sqrt
direct crowd,GB,2021-06-12,2021-05-31,2,Cases,log,0.3783359710263,0.0657025246557229,0.312633446370577,0,Cases - log
direct crowd,GB,2021-06-12,2021-05-31,2,Cases,natural,13592.8683619565,1714.79770978261,11878.0706521739,0,Cases - natural
direct crowd,GB,2021-06-12,2021-05-31,2,Cases,sqrt,35.6787926167911,5.28648758699634,30.3923050297947,0,Cases - sqrt
rt crowd,GB,2021-06-12,2021-05-31,2,Cases,log,0.156981512625727,0.0853531750330156,0.0716283375927119,0,Cases - log
rt crowd,GB,2021-06-12,2021-05-31,2,Cases,natural,6136.06831453265,3096.80499103923,3039.26332349342,0,Cases - natural
rt crowd,GB,2021-06-12,2021-05-31,2,Cases,sqrt,15.4467036748343,8.07389969504793,7.37280397978642,0,Cases - sqrt
combined crowd,GB,2021-06-12,2021-06-07,1,Cases,log,0.0629005725710138,0.0584352212566349,0.00446535131437889,0,Cases - log
combined crowd,GB,2021-06-12,2021-06-07,1,Cases,natural,2829.83186791151,2625.04084820493,204.791019706578,0,Cases - natural
combined crowd,GB,2021-06-12,2021-06-07,1,Cases,sqrt,6.65184398258387,6.17371514680257,0.478128835781301,0,Cases - sqrt
direct crowd,GB,2021-06-12,2021-06-07,1,Cases,log,0.0605015506378016,0.0595669231276139,0.000934627510187686,0,Cases - log
direct crowd,GB,2021-06-12,2021-06-07,1,Cases,natural,2791.55562543478,2748.25779934783,43.2978260869565,0,Cases - natural
direct crowd,GB,2021-06-12,2021-06-07,1,Cases,sqrt,6.47749644172263,6.37691336241385,0.100583079308779,0,Cases - sqrt
rt crowd,GB,2021-06-12,2021-06-07,1,Cases,log,0.0663329628154441,0.0574495416462771,0.00888342116916703,0,Cases - log
rt crowd,GB,2021-06-12,2021-06-07,1,Cases,natural,2926.13563023483,2521.77325365618,404.362376578643,0,Cases - natural
rt crowd,GB,2021-06-12,2021-06-07,1,Cases,sqrt,6.94803226742011,6.00043017013697,0.947602097283144,0,Cases - sqrt
combined crowd,GB,2021-06-19,2021-05-24,4,Cases,log,0.963439318154679,0.0818125059043138,0.881626812250366,0,Cases - log
combined crowd,GB,2021-06-19,2021-05-24,4,Cases,natural,36908.5260305858,1490.84330964484,35417.682720941,0,Cases - natural
combined crowd,GB,2021-06-19,2021-05-24,4,Cases,sqrt,92.8190925781796,5.48808728423324,87.3310052939464,0,Cases - sqrt
direct crowd,GB,2021-06-19,2021-05-24,4,Cases,log,0.605981187411009,0.102940345873399,0.503040841537611,0,Cases - log
direct crowd,GB,2021-06-19,2021-05-24,4,Cases,natural,25155.9182408696,2582.49911043478,22573.4191304348,0,Cases - natural
direct crowd,GB,2021-06-19,2021-05-24,4,Cases,sqrt,61.0034758186387,8.07208781167921,52.9313880069595,0,Cases - sqrt
rt crowd,GB,2021-06-19,2021-05-24,4,Cases,log,1.19275170487932,0.0809084536628724,1.11184325121644,0,Cases - log
rt crowd,GB,2021-06-19,2021-05-24,4,Cases,natural,42234.2484057589,1177.91066805181,41056.3377377071,0,Cases - natural
rt crowd,GB,2021-06-19,2021-05-24,4,Cases,sqrt,109.988948971998,4.85255831393864,105.13639065806,0,Cases - sqrt
combined crowd,GB,2021-06-19,2021-05-31,3,Cases,log,0.2869604481903,0.0914303813346839,0.195530066855616,0,Cases - log
combined crowd,GB,2021-06-19,2021-05-31,3,Cases,natural,13774.2449095156,3520.05376781424,10254.1911417014,0,Cases - natural
combined crowd,GB,2021-06-19,2021-05-31,3,Cases,sqrt,31.2478697050775,8.90158778468991,22.3462819203876,0,Cases - sqrt
direct crowd,GB,2021-06-19,2021-05-31,3,Cases,log,0.464395931877317,0.0778554813960461,0.38654045048127,0,Cases - log
direct crowd,GB,2021-06-19,2021-05-31,3,Cases,natural,21227.1459652174,2405.27096521739,18821.875,0,Cases - natural
direct crowd,GB,2021-06-19,2021-05-31,3,Cases,sqrt,49.2972240796442,6.8064300677946,42.4907940118496,0,Cases - sqrt
rt crowd,GB,2021-06-19,2021-05-31,3,Cases,log,0.208831394385971,0.0980067179821262,0.110824676403844,0,Cases - log
rt crowd,GB,2021-06-19,2021-05-31,3,Cases,natural,10366.7357093585,4303.55495765752,6063.18075170102,0,Cases - natural
rt crowd,GB,2021-06-19,2021-05-31,3,Cases,sqrt,23.1247973298224,10.1779203310979,12.9468769987245,0,Cases - sqrt
combined crowd,GB,2021-06-19,2021-06-07,2,Cases,log,0.0686995721207892,0.0675627351604723,0.00113683696031693,0,Cases - log
combined crowd,GB,2021-06-19,2021-06-07,2,Cases,natural,4262.9024210192,4192.79903132516,70.1033896940435,0,Cases - natural
combined crowd,GB,2021-06-19,2021-06-07,2,Cases,sqrt,8.52218473480945,8.38103208537589,0.141152649433556,0,Cases - sqrt
direct crowd,GB,2021-06-19,2021-06-07,2,Cases,log,0.0687116189577979,0.0636603667144835,0,0.00505125224331438,Cases - log
direct crowd,GB,2021-06-19,2021-06-07,2,Cases,natural,4616.24697391304,4293.15697391304,0,323.09,Cases - natural
direct crowd,GB,2021-06-19,2021-06-07,2,Cases,sqrt,8.87451321787083,8.23578159039862,0,0.638731627472209,Cases - sqrt
rt crowd,GB,2021-06-19,2021-06-07,2,Cases,log,0.0753010424895108,0.0682428107689227,0.00705823172058805,0,Cases - log
rt crowd,GB,2021-06-19,2021-06-07,2,Cases,natural,4443.68801761815,4015.83240054689,427.855617071257,0,Cases - natural
rt crowd,GB,2021-06-19,2021-06-07,2,Cases,sqrt,9.11163288754771,8.2427799878964,0.868852899651309,0,Cases - sqrt
combined crowd,GB,2021-06-19,2021-06-14,1,Cases,log,0.0563130713486297,0.051874697950097,0,0.00443837339853273,Cases - log
combined crowd,GB,2021-06-19,2021-06-14,1,Cases,natural,3753.73846561152,3470.82284982872,0,282.9156157828,Cases - natural
combined crowd,GB,2021-06-19,2021-06-14,1,Cases,sqrt,7.25309021173526,6.69281373009783,0,0.560276481637423,Cases - sqrt
direct crowd,GB,2021-06-19,2021-06-14,1,Cases,log,0.0634556973708192,0.0576346817712608,0,0.0058210155995584,Cases - log
direct crowd,GB,2021-06-19,2021-06-14,1,Cases,natural,4266.30580217391,3893.38768623189,0,372.918115942026,Cases - natural
direct crowd,GB,2021-06-19,2021-06-14,1,Cases,sqrt,8.20380298493023,7.46714937564954,0,0.736653609280682,Cases - sqrt
rt crowd,GB,2021-06-19,2021-06-14,1,Cases,log,0.0562378502301814,0.0531297423524582,0,0.00310810787772321,Cases - log
rt crowd,GB,2021-06-19,2021-06-14,1,Cases,natural,3724.81790105924,3527.39943978609,0,197.418461273144,Cases - natural
rt crowd,GB,2021-06-19,2021-06-14,1,Cases,sqrt,7.21919664592088,6.8275393090856,0,0.391657336835278,Cases - sqrt
combined crowd,GB,2021-06-26,2021-05-31,4,Cases,log,0.476959030117589,0.105509169188572,0.371449860929017,0,Cases - log
combined crowd,GB,2021-06-26,2021-05-31,4,Cases,natural,32203.0144276034,4791.37022821665,27411.6441993868,0,Cases - natural
combined crowd,GB,2021-06-26,2021-05-31,4,Cases,sqrt,61.3565698614537,11.128045525608,50.2285243358457,0,Cases - sqrt
direct crowd,GB,2021-06-26,2021-05-31,4,Cases,log,0.708632707744956,0.0919929407087104,0.616639767036246,0,Cases - log
direct crowd,GB,2021-06-26,2021-05-31,4,Cases,natural,45594.8204282609,3294.52999347826,42300.2904347826,0,Cases - natural
direct crowd,GB,2021-06-26,2021-05-31,4,Cases,sqrt,88.8048472548733,8.64152592209942,80.1633213327739,0,Cases - sqrt
rt crowd,GB,2021-06-26,2021-05-31,4,Cases,log,0.376745213475173,0.11256232183347,0.264182891641703,0,Cases - log
rt crowd,GB,2021-06-26,2021-05-31,4,Cases,natural,26241.7454171396,5840.68634522272,20401.0590719169,0,Cases - natural
rt crowd,GB,2021-06-26,2021-05-31,4,Cases,sqrt,49.2621341453109,12.6709126808939,36.591221464417,0,Cases - sqrt
combined crowd,GB,2021-06-26,2021-06-07,3,Cases,log,0.118533004921301,0.0777422451311312,0.0407907597901698,0,Cases - log
combined crowd,GB,2021-06-26,2021-06-07,3,Cases,natural,9940.6716295557,6257.95225518197,3682.71937437373,0,Cases - natural
combined crowd,GB,2021-06-26,2021-06-07,3,Cases,sqrt,17.0953282482943,10.9690237412492,6.12630450704516,0,Cases - sqrt
direct crowd,GB,2021-06-26,2021-06-07,3,Cases,log,0.0729574218513221,0.0683207438555747,0.00463667799574738,0,Cases - log
direct crowd,GB,2021-06-26,2021-06-07,3,Cases,natural,6730.06621543478,6291.47143282609,438.594782608695,0,Cases - natural
direct crowd,GB,2021-06-26,2021-06-07,3,Cases,sqrt,11.0371274879071,10.3241279064489,0.712999581458168,0,Cases - sqrt
rt crowd,GB,2021-06-26,2021-06-07,3,Cases,log,0.15581981277882,0.0803714124107691,0.0754484003680513,0,Cases - log
rt crowd,GB,2021-06-26,2021-06-07,3,Cases,natural,12594.6039560422,5969.63476120491,6624.96919483732,0,Cases - natural
rt crowd,GB,2021-06-26,2021-06-07,3,Cases,sqrt,22.0604117370364,10.8885859389789,11.1718257980575,0,Cases - sqrt
combined crowd,GB,2021-06-26,2021-06-14,2,Cases,log,0.0653959829687609,0.060362778158557,0.00503320481020391,0,Cases - log
combined crowd,GB,2021-06-26,2021-06-14,2,Cases,natural,6055.88562706131,5579.39570832471,476.48991873661,0,Cases - natural
combined crowd,GB,2021-06-26,2021-06-14,2,Cases,sqrt,9.9203384789835,9.14604332136287,0.774295157620629,0,Cases - sqrt
direct crowd,GB,2021-06-26,2021-06-14,2,Cases,log,0.0622042990108721,0.0619116851289903,0.000292613881881789,0,Cases - log
direct crowd,GB,2021-06-26,2021-06-14,2,Cases,natural,6027.56295471013,5999.32020108695,28.2427536231869,0,Cases - natural
direct crowd,GB,2021-06-26,2021-06-14,2,Cases,sqrt,9.64906606316537,9.60361196654538,0.0454540966199909,0,Cases - sqrt
rt crowd,GB,2021-06-26,2021-06-14,2,Cases,log,0.0682237698519527,0.0629095064972293,0.00531426335472341,0,Cases - log
rt crowd,GB,2021-06-26,2021-06-14,2,Cases,natural,6317.76404468178,5815.30767437103,502.456370310752,0,Cases - natural
rt crowd,GB,2021-06-26,2021-06-14,2,Cases,sqrt,10.3465446428564,9.52953655324414,0.817008089612268,0,Cases - sqrt
combined crowd,GB,2021-06-26,2021-06-21,1,Cases,log,0.101663042173808,0.032707234229874,0.0689558079439344,0,Cases - log
combined crowd,GB,2021-06-26,2021-06-21,1,Cases,natural,8846.9604874991,2655.39492264393,6191.56556485517,0,Cases - natural
combined crowd,GB,2021-06-26,2021-06-21,1,Cases,sqrt,14.9820188252278,4.65424055537221,10.3277782698556,0,Cases - sqrt
direct crowd,GB,2021-06-26,2021-06-21,1,Cases,log,0.0616289364468318,0.0558514661991799,0.0057774702476519,0,Cases - log
direct crowd,GB,2021-06-26,2021-06-21,1,Cases,natural,5618.40403369565,5072.77794673913,545.626086956522,0,Cases - natural
direct crowd,GB,2021-06-26,2021-06-21,1,Cases,sqrt,9.28122420994907,8.39351323608206,0.887710973867011,0,Cases - sqrt
rt crowd,GB,2021-06-26,2021-06-21,1,Cases,log,0.134894768283711,0.0246637597121838,0.110231008571527,0,Cases - log
rt crowd,GB,2021-06-26,2021-06-21,1,Cases,natural,11790.8266153262,1921.59412672121,9869.23248860502,0,Cases - natural
rt crowd,GB,2021-06-26,2021-06-21,1,Cases,sqrt,19.9259574278476,3.43997979308895,16.4859776347586,0,Cases - sqrt
combined crowd,GB,2021-07-03,2021-06-07,4,Cases,log,0.288770893125534,0.0897838300634928,0.198987063062041,0,Cases - log
combined crowd,GB,2021-07-03,2021-06-07,4,Cases,natural,35919.6443071599,8913.79351194188,27005.850795218,0,Cases - natural
combined crowd,GB,2021-07-03,2021-06-07,4,Cases,sqrt,50.6252282511824,14.0418043770678,36.5834238741146,0,Cases - sqrt
direct crowd,GB,2021-07-03,2021-06-07,4,Cases,log,0.213282927703026,0.0750549018971568,0.138228025805869,0,Cases - log
direct crowd,GB,2021-07-03,2021-06-07,4,Cases,natural,27953.788275,8343.51697065218,19610.2713043478,0,Cases - natural
direct crowd,GB,2021-07-03,2021-06-07,4,Cases,sqrt,38.4533641298449,12.4495091000134,26.0038550298315,0,Cases - sqrt
rt crowd,GB,2021-07-03,2021-06-07,4,Cases,log,0.334263201885263,0.0942421883363772,0.240021013548886,0,Cases - log
rt crowd,GB,2021-07-03,2021-06-07,4,Cases,natural,40524.6372106372,8752.87838173256,31771.7588289046,0,Cases - natural
rt crowd,GB,2021-07-03,2021-06-07,4,Cases,sqrt,57.8002271260073,14.2445275614124,43.5556995645949,0,Cases - sqrt
combined crowd,GB,2021-07-03,2021-06-14,3,Cases,log,0.175491357377289,0.0693924039015054,0.106098953475784,0,Cases - log
combined crowd,GB,2021-07-03,2021-06-14,3,Cases,natural,23615.2781977293,8255.28653686307,15359.9916608663,0,Cases - natural
combined crowd,GB,2021-07-03,2021-06-14,3,Cases,sqrt,32.0844185848099,11.9150935665177,20.1693250182922,0,Cases - sqrt
direct crowd,GB,2021-07-03,2021-06-14,3,Cases,log,0.151349006504784,0.0657265776076931,0.0856224288970908,0,Cases - log
direct crowd,GB,2021-07-03,2021-06-14,3,Cases,natural,20711.5967652174,8126.05908405797,12585.5376811594,0,Cases - natural
direct crowd,GB,2021-07-03,2021-06-14,3,Cases,sqrt,27.9135681799717,11.5094154294018,16.4041527505699,0,Cases - sqrt
rt crowd,GB,2021-07-03,2021-06-14,3,Cases,log,0.165168953361792,0.0735115080318612,0.0916574453299305,0,Cases - log
rt crowd,GB,2021-07-03,2021-06-14,3,Cases,natural,22276.1908938692,8921.46965265749,13354.7212412117,0,Cases - natural
rt crowd,GB,2021-07-03,2021-06-14,3,Cases,sqrt,30.2236651492941,12.7423993561329,17.4812657931612,0,Cases - sqrt
combined crowd,GB,2021-07-03,2021-06-21,2,Cases,log,0.33195789429195,0.0455081564215492,0.286449737870401,0,Cases - log
combined crowd,GB,2021-07-03,2021-06-21,2,Cases,natural,43385.5211172283,4516.45415196807,38869.0669652602,0,Cases - natural
combined crowd,GB,2021-07-03,2021-06-21,2,Cases,sqrt,59.8149253113689,7.15313105180317,52.6617942595657,0,Cases - sqrt
direct crowd,GB,2021-07-03,2021-06-21,2,Cases,log,0.201314843186296,0.0554233700381844,0.145891473148111,0,Cases - log
direct crowd,GB,2021-07-03,2021-06-21,2,Cases,natural,27278.6527130435,6363.23532173913,20915.4173913043,0,Cases - natural
direct crowd,GB,2021-07-03,2021-06-21,2,Cases,sqrt,36.9579851545375,9.36267220074743,27.59531295379,0,Cases - sqrt
rt crowd,GB,2021-07-03,2021-06-21,2,Cases,log,0.438664921383938,0.0352832743664815,0.403381647017456,0,Cases - log
rt crowd,GB,2021-07-03,2021-06-21,2,Cases,natural,56419.2636736176,3258.02165575193,53161.2420178657,0,Cases - natural
rt crowd,GB,2021-07-03,2021-06-21,2,Cases,sqrt,78.4153341722037,5.35454491731945,73.0607892548843,0,Cases - sqrt
combined crowd,GB,2021-07-03,2021-06-28,1,Cases,log,0.0796421860049772,0.0376342365451992,0.042007949459778,0,Cases - log
combined crowd,GB,2021-07-03,2021-06-28,1,Cases,natural,11708.7595652174,5159.67260869565,6549.08695652174,0,Cases - natural
combined crowd,GB,2021-07-03,2021-06-28,1,Cases,sqrt,15.2534620808215,6.96095498039099,8.29250710043048,0,Cases - sqrt
direct crowd,GB,2021-07-03,2021-06-28,1,Cases,log,0.0768837992880333,0.0557800865108365,0.0211037127771969,0,Cases - log
direct crowd,GB,2021-07-03,2021-06-28,1,Cases,natural,11297.6565217391,8025.56956521739,3272.08695652174,0,Cases - natural
direct crowd,GB,2021-07-03,2021-06-28,1,Cases,sqrt,14.7040166029149,10.5495828064925,4.15443379642237,0,Cases - sqrt
rt crowd,GB,2021-07-03,2021-06-28,1,Cases,log,0.122782164985926,0.0227827279956356,0.0999994369902901,0,Cases - log
rt crowd,GB,2021-07-03,2021-06-28,1,Cases,natural,18131.942173913,3017.50739130435,15114.4347826087,0,Cases - natural
rt crowd,GB,2021-07-03,2021-06-28,1,Cases,sqrt,23.5767792507476,4.14328410433334,19.4334951464143,0,Cases - sqrt
combined crowd,GB,2021-07-10,2021-06-14,4,Cases,log,0.209257444116211,0.0787248433436476,0.130532600772563,0,Cases - log
combined crowd,GB,2021-07-10,2021-06-14,4,Cases,natural,35558.9760475036,11494.09868502,24064.8773624836,0,Cases - natural
combined crowd,GB,2021-07-10,2021-06-14,4,Cases,sqrt,42.9506057969062,14.9569095253159,27.9936962715904,0,Cases - sqrt
direct crowd,GB,2021-07-10,2021-06-14,4,Cases,log,0.240795802721536,0.0711983403707119,0.169597462350824,0,Cases - log
direct crowd,GB,2021-07-10,2021-06-14,4,Cases,natural,40800.0679724638,9864.28536376809,30935.7826086957,0,Cases - natural
direct crowd,GB,2021-07-10,2021-06-14,4,Cases,sqrt,49.3645524094333,13.1926676512223,36.171884758211,0,Cases - sqrt
rt crowd,GB,2021-07-10,2021-06-14,4,Cases,log,0.173997195881904,0.0834871029181021,0.0905100929638018,0,Cases - log
rt crowd,GB,2021-07-10,2021-06-14,4,Cases,natural,30063.0630977307,13031.167624997,17031.8954727337,0,Cases - natural
rt crowd,GB,2021-07-10,2021-06-14,4,Cases,sqrt,36.0042224948128,16.3878755321794,19.6163469626334,0,Cases - sqrt
combined crowd,GB,2021-07-10,2021-06-21,3,Cases,log,0.428751948309418,0.055813908936845,0.372938039372573,0,Cases - log
combined crowd,GB,2021-07-10,2021-06-21,3,Cases,natural,69992.2632990441,6426.0489754914,63566.2143235527,0,Cases - natural
combined crowd,GB,2021-07-10,2021-06-21,3,Cases,sqrt,86.2262443992085,9.44510882825124,76.7811355709572,0,Cases - sqrt
direct crowd,GB,2021-07-10,2021-06-21,3,Cases,log,0.266538381068962,0.0586616297380411,0.207876751330921,0,Cases - log
direct crowd,GB,2021-07-10,2021-06-21,3,Cases,natural,45381.6001652174,7977.95233913043,37403.647826087,0,Cases - natural
direct crowd,GB,2021-07-10,2021-06-21,3,Cases,sqrt,54.8091509248233,10.7823108636469,44.0268400611764,0,Cases - sqrt
rt crowd,GB,2021-07-10,2021-06-21,3,Cases,log,0.53602359587146,0.0456969361963815,0.490326659675079,0,Cases - log
rt crowd,GB,2021-07-10,2021-06-21,3,Cases,natural,84582.8839761671,4782.5387901096,79800.3451860575,0,Cases - natural
rt crowd,GB,2021-07-10,2021-06-21,3,Cases,sqrt,105.929620832168,7.37731701152611,98.5523038206421,0,Cases - sqrt
combined crowd,GB,2021-07-10,2021-06-28,2,Cases,log,0.0694561778256211,0.0478458689356605,0.0216103088899606,0,Cases - log
combined crowd,GB,2021-07-10,2021-06-28,2,Cases,natural,13271.3291304348,8906.72043478261,4364.60869565217,0,Cases - natural
combined crowd,GB,2021-07-10,2021-06-28,2,Cases,sqrt,15.1571955248811,10.3017717570746,4.85542376780648,0,Cases - sqrt
direct crowd,GB,2021-07-10,2021-06-28,2,Cases,log,0.0717721653574956,0.055567714304515,0.0162044510529806,0,Cases - log
direct crowd,GB,2021-07-10,2021-06-28,2,Cases,natural,13831.4543478261,10549.8456521739,3281.60869565217,0,Cases - natural
direct crowd,GB,2021-07-10,2021-06-28,2,Cases,sqrt,15.7194058860274,12.0736094932203,3.64579639280703,0,Cases - sqrt
rt crowd,GB,2021-07-10,2021-06-28,2,Cases,log,0.109269891440308,0.0274518759668152,0.0818180154734928,0,Cases - log
rt crowd,GB,2021-07-10,2021-06-28,2,Cases,natural,20892.002173913,4779.00217391304,16113,0,Cases - natural
rt crowd,GB,2021-07-10,2021-06-28,2,Cases,sqrt,23.8720273672208,5.72203064296133,18.1499967242595,0,Cases - sqrt
combined crowd,GB,2021-07-10,2021-07-05,1,Cases,log,0.0672316268805304,0.0310074720186556,0,0.0362241548618747,Cases - log
combined crowd,GB,2021-07-10,2021-07-05,1,Cases,natural,15314.9352173913,7344.63086956522,0,7970.30434782609,Cases - natural
combined crowd,GB,2021-07-10,2021-07-05,1,Cases,sqrt,16.0347043923896,7.53986543418596,0,8.49483895820362,Cases - sqrt
direct crowd,GB,2021-07-10,2021-07-05,1,Cases,log,0.0750595068018483,0.0379933629840925,0,0.0370661438177558,Cases - log
direct crowd,GB,2021-07-10,2021-07-05,1,Cases,natural,17442.192173913,9246.93130434783,0,8195.26086956522,Cases - natural
direct crowd,GB,2021-07-10,2021-07-05,1,Cases,sqrt,18.0725056024669,9.35934614395497,0,8.71315945851189,Cases - sqrt
rt crowd,GB,2021-07-10,2021-07-05,1,Cases,log,0.0548130801374722,0.0160133743994336,0,0.0387997057380387,Cases - log
rt crowd,GB,2021-07-10,2021-07-05,1,Cases,natural,12148.46,3710.32956521739,0,8438.13043478261,Cases - natural
rt crowd,GB,2021-07-10,2021-07-05,1,Cases,sqrt,12.8992641465654,3.85274551060275,0,9.04651863596266,Cases - sqrt
combined crowd,GB,2021-07-17,2021-06-21,4,Cases,log,0.645372739906323,0.0608782882788222,0.5844944516275,0,Cases - log
combined crowd,GB,2021-07-17,2021-06-21,4,Cases,natural,135553.393141135,7719.44163924341,127833.951501892,0,Cases - natural
combined crowd,GB,2021-07-17,2021-06-21,4,Cases,sqrt,146.758371635264,10.8044782882644,135.953893347,0,Cases - sqrt
direct crowd,GB,2021-07-17,2021-06-21,4,Cases,log,0.491106138495805,0.0606938075977686,0.430412330898036,0,Cases - log
direct crowd,GB,2021-07-17,2021-06-21,4,Cases,natural,108837.168318478,9008.30810108696,99828.8602173913,0,Cases - natural
direct crowd,GB,2021-07-17,2021-06-21,4,Cases,sqrt,114.931358267989,11.652391986766,103.278966281223,0,Cases - sqrt
rt crowd,GB,2021-07-17,2021-06-21,4,Cases,log,0.750400336576163,0.052583058422239,0.697817278153924,0,Cases - log
rt crowd,GB,2021-07-17,2021-06-21,4,Cases,natural,151065.036745174,6086.60412371168,144978.432621462,0,Cases - natural
rt crowd,GB,2021-07-17,2021-06-21,4,Cases,sqrt,166.787867415717,8.91498755335217,157.872879862365,0,Cases - sqrt
combined crowd,GB,2021-07-17,2021-06-28,3,Cases,log,0.177674898425317,0.0484283953031475,0.12924650312217,0,Cases - log
combined crowd,GB,2021-07-17,2021-06-28,3,Cases,natural,44914.6365217391,10542.9408695652,34371.6956521739,0,Cases - natural
combined crowd,GB,2021-07-17,2021-06-28,3,Cases,sqrt,44.5737767708236,11.2700765266965,33.3037002441271,0,Cases - sqrt
direct crowd,GB,2021-07-17,2021-06-28,3,Cases,log,0.175374855139384,0.0569543281487952,0.118420526990589,0,Cases - log
direct crowd,GB,2021-07-17,2021-06-28,3,Cases,natural,43882.8817391304,12394.3165217391,31488.5652173913,0,Cases - natural
direct crowd,GB,2021-07-17,2021-06-28,3,Cases,sqrt,43.7567182169159,13.2461517845377,30.5105664323782,0,Cases - sqrt
rt crowd,GB,2021-07-17,2021-06-28,3,Cases,log,0.194188366429652,0.0419935996939161,0.152194766735736,0,Cases - log
rt crowd,GB,2021-07-17,2021-06-28,3,Cases,natural,49245.6747826087,8978.8052173913,40266.8695652174,0,Cases - natural
rt crowd,GB,2021-07-17,2021-06-28,3,Cases,sqrt,48.803169628525,9.68896962314809,39.114200005377,0,Cases - sqrt
combined crowd,GB,2021-07-17,2021-07-05,2,Cases,log,0.0875343227991782,0.0408652229974966,0,0.0466690998016816,Cases - log
combined crowd,GB,2021-07-17,2021-07-05,2,Cases,natural,28949.3304347826,14284.0695652174,0,14665.2608695652,Cases - natural
combined crowd,GB,2021-07-17,2021-07-05,2,Cases,sqrt,25.1420487846135,12.0639228983954,0,13.0781258862181,Cases - sqrt
direct crowd,GB,2021-07-17,2021-07-05,2,Cases,log,0.0953905936001868,0.0415351661314239,0,0.0538554274687629,Cases - log
direct crowd,GB,2021-07-17,2021-07-05,2,Cases,natural,31807.8617391304,14799.1226086957,0,17008.7391304348,Cases - natural
direct crowd,GB,2021-07-17,2021-07-05,2,Cases,sqrt,27.5069458400732,12.3777654326051,0,15.1291804074681,Cases - sqrt
rt crowd,GB,2021-07-17,2021-07-05,2,Cases,log,0.0685691315561453,0.0347607391651488,0,0.0338083923909965,Cases - log
rt crowd,GB,2021-07-17,2021-07-05,2,Cases,natural,22112.8404347826,11635.3186956522,0,10477.5217391304,Cases - natural
rt crowd,GB,2021-07-17,2021-07-05,2,Cases,sqrt,19.45392712847,10.0445618561546,0,9.40936527231541,Cases - sqrt
combined crowd,GB,2021-07-17,2021-07-12,1,Cases,log,0.0423227711189585,0.0330694858208721,0.00925328529808643,0,Cases - log
combined crowd,GB,2021-07-17,2021-07-12,1,Cases,natural,11949.1673913043,9267.68913043478,2681.47826086957,0,Cases - natural
combined crowd,GB,2021-07-17,2021-07-12,1,Cases,sqrt,11.2352451737259,8.74470213036766,2.49054304335829,0,Cases - sqrt
direct crowd,GB,2021-07-17,2021-07-12,1,Cases,log,0.0617459447157468,0.0539004090090152,0,0.00784553570673158,Cases - log
direct crowd,GB,2021-07-17,2021-07-12,1,Cases,natural,19733.6113043478,17326.9591304348,0,2406.65217391304,Cases - natural
direct crowd,GB,2021-07-17,2021-07-12,1,Cases,sqrt,17.4264208305088,15.2539283040135,0,2.17249252649533,Cases - sqrt
rt crowd,GB,2021-07-17,2021-07-12,1,Cases,log,0.056676609507764,0.0300281709469235,0.0266484385608405,0,Cases - log
rt crowd,GB,2021-07-17,2021-07-12,1,Cases,natural,15635.7452173913,8015.04956521739,7620.69565217391,0,Cases - natural
rt crowd,GB,2021-07-17,2021-07-12,1,Cases,sqrt,14.8764082136933,7.75170863353591,7.12469958015738,0,Cases - sqrt
combined crowd,GB,2021-07-24,2021-06-28,4,Cases,log,0.116893790934327,0.0562080194081536,0.0606857715261732,0,Cases - log
combined crowd,GB,2021-07-24,2021-06-28,4,Cases,natural,28713.882173913,12734.0560869565,15979.8260869565,0,Cases - natural
combined crowd,GB,2021-07-24,2021-06-28,4,Cases,sqrt,28.9054314196212,13.3401454854406,15.5652859341806,0,Cases - sqrt
direct crowd,GB,2021-07-24,2021-06-28,4,Cases,log,0.164280395029006,0.0562275949806267,0.10805280004838,0,Cases - log
direct crowd,GB,2021-07-24,2021-06-28,4,Cases,natural,39466.7686956522,11835.3339130435,27631.4347826087,0,Cases - natural
direct crowd,GB,2021-07-24,2021-06-28,4,Cases,sqrt,40.1631214242596,12.8599923869609,27.3031290372987,0,Cases - sqrt
rt crowd,GB,2021-07-24,2021-06-28,4,Cases,log,0.0758727404334508,0.066644256041283,0.00922848439216781,0,Cases - log
rt crowd,GB,2021-07-24,2021-06-28,4,Cases,natural,19525.0295652174,17001.4643478261,2523.56521739131,0,Cases - natural
rt crowd,GB,2021-07-24,2021-06-28,4,Cases,sqrt,19.1849873951023,16.7722544295896,2.4127329655127,0,Cases - sqrt
combined crowd,GB,2021-07-24,2021-07-05,3,Cases,log,0.309846432459241,0.0541887133821792,0,0.255657719077062,Cases - log
combined crowd,GB,2021-07-24,2021-07-05,3,Cases,natural,111278.065217391,24768.8913043478,0,86509.1739130435,Cases - natural
combined crowd,GB,2021-07-24,2021-07-05,3,Cases,sqrt,92.4987223338151,18.2804162612425,0,74.2183060725726,Cases - sqrt
direct crowd,GB,2021-07-24,2021-07-05,3,Cases,log,0.353698317745644,0.0443168137382129,0,0.309381504007431,Cases - log
direct crowd,GB,2021-07-24,2021-07-05,3,Cases,natural,127854.695217391,21029.7386956522,0,106824.956521739,Cases - natural
direct crowd,GB,2021-07-24,2021-07-05,3,Cases,sqrt,105.951181781746,15.2379573439172,0,90.7132244378285,Cases - sqrt
rt crowd,GB,2021-07-24,2021-07-05,3,Cases,log,0.274183232571023,0.0582269949672126,0,0.215956237603811,Cases - log
rt crowd,GB,2021-07-24,2021-07-05,3,Cases,natural,98371.8234782609,26111.0408695652,0,72260.7826086956,Cases - natural
rt crowd,GB,2021-07-24,2021-07-05,3,Cases,sqrt,81.8110502632051,19.4472225318977,0,62.3638277313074,Cases - sqrt
combined crowd,GB,2021-07-24,2021-07-12,2,Cases,log,0.132834128626541,0.0349353562582257,0,0.0978987723683148,Cases - log
combined crowd,GB,2021-07-24,2021-07-12,2,Cases,natural,42872.2286956522,12537.1852173913,0,30335.0434782609,Cases - natural
combined crowd,GB,2021-07-24,2021-07-12,2,Cases,sqrt,37.6845478616959,10.4498167529277,0,27.2347311087683,Cases - sqrt
direct crowd,GB,2021-07-24,2021-07-12,2,Cases,log,0.258829459022728,0.0543219145768354,0,0.204507544445893,Cases - log
direct crowd,GB,2021-07-24,2021-07-12,2,Cases,natural,91650.7382608696,23484.5208695652,0,68166.2173913044,Cases - natural
direct crowd,GB,2021-07-24,2021-07-12,2,Cases,sqrt,76.7652930942956,17.8205825854055,0,58.9447105088901,Cases - sqrt
rt crowd,GB,2021-07-24,2021-07-12,2,Cases,log,0.105855161040453,0.0395426120749406,0,0.066312548965512,Cases - log
rt crowd,GB,2021-07-24,2021-07-12,2,Cases,natural,33798.1208695652,13670.5556521739,0,20127.5652173913,Cases - natural
rt crowd,GB,2021-07-24,2021-07-12,2,Cases,sqrt,29.8724492772444,11.6108203735335,0,18.261628903711,Cases - sqrt
combined crowd,GB,2021-07-24,2021-07-19,1,Cases,log,0.222871955264966,0.0296911559572672,0,0.193180799307699,Cases - log
combined crowd,GB,2021-07-24,2021-07-19,1,Cases,natural,73922.8669565217,11798.3452173913,0,62124.5217391304,Cases - natural
combined crowd,GB,2021-07-24,2021-07-19,1,Cases,sqrt,64.0797439024976,9.34960960627208,0,54.7301342962255,Cases - sqrt
direct crowd,GB,2021-07-24,2021-07-19,1,Cases,log,0.244470612567998,0.0370463520279914,0,0.207424260540007,Cases - log
direct crowd,GB,2021-07-24,2021-07-19,1,Cases,natural,83038.49,15307.0986956522,0,67731.3913043478,Cases - natural
direct crowd,GB,2021-07-24,2021-07-19,1,Cases,sqrt,71.0935165772651,11.8917435672607,0,59.2017730100044,Cases - sqrt
rt crowd,GB,2021-07-24,2021-07-19,1,Cases,log,0.218806999662331,0.0227023687204075,0,0.196104630941923,Cases - log
rt crowd,GB,2021-07-24,2021-07-19,1,Cases,natural,71177.4913043478,8704.66521739131,0,62472.8260869565,Cases - natural
rt crowd,GB,2021-07-24,2021-07-19,1,Cases,sqrt,62.3276002868619,7.0253941314453,0,55.3022061554166,Cases - sqrt
combined crowd,GB,2021-07-31,2021-07-05,4,Cases,log,0.838176401751359,0.0641272045499041,0,0.774049197201455,Cases - log
combined crowd,GB,2021-07-31,2021-07-05,4,Cases,natural,259398.939565217,33958.4613043478,0,225440.47826087,Cases - natural
combined crowd,GB,2021-07-31,2021-07-05,4,Cases,sqrt,230.364002470625,23.2676380376835,0,207.096364432941,Cases - sqrt
direct crowd,GB,2021-07-31,2021-07-05,4,Cases,log,0.928275697650409,0.0478170846229914,0,0.880458613027417,Cases - log
direct crowd,GB,2021-07-31,2021-07-05,4,Cases,natural,296768.002608696,26924.0895652174,0,269843.913043478,Cases - natural
direct crowd,GB,2021-07-31,2021-07-05,4,Cases,sqrt,259.281281049479,17.9059858303407,0,241.375295219139,Cases - sqrt
rt crowd,GB,2021-07-31,2021-07-05,4,Cases,log,0.821677295603993,0.0705978535412629,0,0.75107944206273,Cases - log
rt crowd,GB,2021-07-31,2021-07-05,4,Cases,natural,252323.307826087,37466.4817391304,0,214856.826086957,Cases - natural
rt crowd,GB,2021-07-31,2021-07-05,4,Cases,sqrt,224.949129854502,25.629161402685,0,199.319968451817,Cases - sqrt
combined crowd,GB,2021-07-31,2021-07-12,3,Cases,log,0.673230247334739,0.0449524790520685,0,0.62827776828267,Cases - log
combined crowd,GB,2021-07-31,2021-07-12,3,Cases,natural,188275.586956522,19673.9782608696,0,168601.608695652,Cases - natural
combined crowd,GB,2021-07-31,2021-07-12,3,Cases,sqrt,176.63182930098,14.839030106119,0,161.792799194861,Cases - sqrt
direct crowd,GB,2021-07-31,2021-07-12,3,Cases,log,0.816199226039669,0.0553793789847705,0,0.760819847054898,Cases - log
direct crowd,GB,2021-07-31,2021-07-12,3,Cases,natural,255311.86826087,29389.8682608696,0,225922,Cases - natural
direct crowd,GB,2021-07-31,2021-07-12,3,Cases,sqrt,225.390294149891,20.1051768133317,0,205.28511733656,Cases - sqrt
rt crowd,GB,2021-07-31,2021-07-12,3,Cases,log,0.622669700324549,0.0492496756405151,0,0.573420024684034,Cases - log
rt crowd,GB,2021-07-31,2021-07-12,3,Cases,natural,168464.819130435,20232.7756521739,0,148232.043478261,Cases - natural
rt crowd,GB,2021-07-31,2021-07-12,3,Cases,sqrt,160.844485926697,15.7539748864049,0,145.090511040292,Cases - sqrt
combined crowd,GB,2021-07-31,2021-07-19,2,Cases,log,0.866055024281879,0.0407427602291709,0,0.825312264052708,Cases - log
combined crowd,GB,2021-07-31,2021-07-19,2,Cases,natural,264500.774782609,20929.2095652174,0,243571.565217391,Cases - natural
combined crowd,GB,2021-07-31,2021-07-19,2,Cases,sqrt,236.94282126319,14.5812197983565,0,222.361601464834,Cases - sqrt
direct crowd,GB,2021-07-31,2021-07-19,2,Cases,log,0.898212801702624,0.0431965109982272,0,0.855016290704397,Cases - log
direct crowd,GB,2021-07-31,2021-07-19,2,Cases,natural,280616.456521739,23291.4130434783,0,257325.043478261,Cases - natural
direct crowd,GB,2021-07-31,2021-07-19,2,Cases,sqrt,248.291977710039,15.8333857055563,0,232.458592004483,Cases - sqrt
rt crowd,GB,2021-07-31,2021-07-19,2,Cases,log,0.849671143638712,0.0360565663363714,0,0.81361457730234,Cases - log
rt crowd,GB,2021-07-31,2021-07-19,2,Cases,natural,255582.142608696,17866.5339130435,0,237715.608695652,Cases - natural
rt crowd,GB,2021-07-31,2021-07-19,2,Cases,sqrt,230.889461287117,12.6779496875204,0,218.211511599597,Cases - sqrt
combined crowd,GB,2021-07-31,2021-07-26,1,Cases,log,0.238596323822184,0.0384135323262435,0,0.20018279149594,Cases - log
combined crowd,GB,2021-07-31,2021-07-26,1,Cases,natural,54014.7582608696,10554.1060869565,0,43460.6521739131,Cases - natural
combined crowd,GB,2021-07-31,2021-07-26,1,Cases,sqrt,56.6351559184436,10.0494087639624,0,46.5857471544812,Cases - sqrt
direct crowd,GB,2021-07-31,2021-07-26,1,Cases,log,0.363558723027083,0.0411370796519365,0,0.322421643375147,Cases - log
direct crowd,GB,2021-07-31,2021-07-26,1,Cases,natural,87381.5,12986.9347826087,0,74394.5652173913,Cases - natural
direct crowd,GB,2021-07-31,2021-07-26,1,Cases,sqrt,88.8092598958541,11.5387158491705,0,77.2705440466836,Cases - sqrt
rt crowd,GB,2021-07-31,2021-07-26,1,Cases,log,0.227054955377624,0.0329309402948151,0,0.194124015082809,Cases - log
rt crowd,GB,2021-07-31,2021-07-26,1,Cases,natural,50788.6965217391,8792.08782608696,0,41996.6086956522,Cases - natural
rt crowd,GB,2021-07-31,2021-07-26,1,Cases,sqrt,53.5933172746129,8.49526306872229,0,45.0980542058906,Cases - sqrt
combined crowd,GB,2021-08-07,2021-07-12,4,Cases,log,0.773498013284408,0.0531624032187034,0,0.720335610065704,Cases - log
combined crowd,GB,2021-08-07,2021-07-12,4,Cases,natural,230081.652173913,26234.6086956522,0,203847.043478261,Cases - natural
combined crowd,GB,2021-08-07,2021-07-12,4,Cases,sqrt,208.685951475157,18.6201139154296,0,190.065837559728,Cases - sqrt
direct crowd,GB,2021-08-07,2021-07-12,4,Cases,log,0.827771665815637,0.0713589699700135,0,0.756412695845624,Cases - log
direct crowd,GB,2021-08-07,2021-07-12,4,Cases,natural,268140.236956522,40486.3239130435,0,227653.913043478,Cases - natural
direct crowd,GB,2021-08-07,2021-07-12,4,Cases,sqrt,231.963637565153,26.7388431208615,0,205.224794444292,Cases - sqrt
rt crowd,GB,2021-08-07,2021-07-12,4,Cases,log,0.747077879297103,0.0497141232490656,0,0.697363756048038,Cases - log
rt crowd,GB,2021-08-07,2021-07-12,4,Cases,natural,215123.235652174,23392.7139130435,0,191730.52173913,Cases - natural
rt crowd,GB,2021-08-07,2021-07-12,4,Cases,sqrt,198.633952419658,17.0108978095253,0,181.623054610133,Cases - sqrt
combined crowd,GB,2021-08-07,2021-07-19,3,Cases,log,1.05935503540839,0.0423768364469818,0,1.01697819896141,Cases - log
combined crowd,GB,2021-08-07,2021-07-19,3,Cases,natural,361402.066521739,26583.8926086957,0,334818.173913044,Cases - natural
combined crowd,GB,2021-08-07,2021-07-19,3,Cases,sqrt,304.870351439157,16.7559767921487,0,288.114374647009,Cases - sqrt
direct crowd,GB,2021-08-07,2021-07-19,3,Cases,log,1.10569919965758,0.0414504268411951,0,1.06424877281638,Cases - log
direct crowd,GB,2021-08-07,2021-07-19,3,Cases,natural,385544.680869565,27138.2026086957,0,358406.47826087,Cases - natural
direct crowd,GB,2021-08-07,2021-07-19,3,Cases,sqrt,321.501647364211,16.7439246959731,0,304.757722668238,Cases - sqrt
rt crowd,GB,2021-08-07,2021-07-19,3,Cases,log,1.05255511506509,0.0404682157585664,0,1.01208689930653,Cases - log
rt crowd,GB,2021-08-07,2021-07-19,3,Cases,natural,355947.97173913,24979.3195652174,0,330968.652173913,Cases - natural
rt crowd,GB,2021-08-07,2021-07-19,3,Cases,sqrt,301.759675704449,15.8734209334677,0,285.886254770981,Cases - sqrt
combined crowd,GB,2021-08-07,2021-07-26,2,Cases,log,0.242452000461541,0.0573454571847046,0,0.185106543276837,Cases - log
combined crowd,GB,2021-08-07,2021-07-26,2,Cases,natural,55738.002173913,16073.7413043478,0,39664.2608695652,Cases - natural
combined crowd,GB,2021-08-07,2021-07-26,2,Cases,sqrt,57.9429993661031,15.1484313708853,0,42.7945679952177,Cases - sqrt
direct crowd,GB,2021-08-07,2021-07-26,2,Cases,log,0.269651783404082,0.0477845419697938,0,0.221867241434289,Cases - log
direct crowd,GB,2021-08-07,2021-07-26,2,Cases,natural,62522.9752173913,13738.0186956522,0,48784.9565217391,Cases - natural
direct crowd,GB,2021-08-07,2021-07-26,2,Cases,sqrt,64.7248702704567,12.7834026813441,0,51.9414675891127,Cases - sqrt
rt crowd,GB,2021-08-07,2021-07-26,2,Cases,log,0.221464799694759,0.0415056931459563,0,0.179959106548803,Cases - log
rt crowd,GB,2021-08-07,2021-07-26,2,Cases,natural,49037.4252173913,11042.3382608696,0,37995.0869565217,Cases - natural
rt crowd,GB,2021-08-07,2021-07-26,2,Cases,sqrt,51.995048442148,10.6877322414319,0,41.3073162007161,Cases - sqrt
combined crowd,GB,2021-08-07,2021-08-02,1,Cases,log,0.0711846140414638,0.0327528980336459,0.0384317160078178,0,Cases - log
combined crowd,GB,2021-08-07,2021-08-02,1,Cases,natural,12203.1852173913,5360.75043478261,6842.43478260869,0,Cases - natural
combined crowd,GB,2021-08-07,2021-08-02,1,Cases,sqrt,14.7248908443671,6.61759823492664,8.10729260944047,0,Cases - sqrt
direct crowd,GB,2021-08-07,2021-08-02,1,Cases,log,0.0636274057704735,0.0466760010497992,0,0.0169514047206743,Cases - log
direct crowd,GB,2021-08-07,2021-08-02,1,Cases,natural,12898.2652173913,9637.09130434783,0,3261.17391304348,Cases - natural
direct crowd,GB,2021-08-07,2021-08-02,1,Cases,sqrt,14.3023443308161,10.5850452287079,0,3.71729910210824,Cases - sqrt
rt crowd,GB,2021-08-07,2021-08-02,1,Cases,log,0.0796366281602469,0.034896158317508,0.044740469842739,0,Cases - log
rt crowd,GB,2021-08-07,2021-08-02,1,Cases,natural,13482.287826087,5552.07043478261,7930.21739130435,0,Cases - natural
rt crowd,GB,2021-08-07,2021-08-02,1,Cases,sqrt,16.3671060748305,6.9502214709272,9.41688460390332,0,Cases - sqrt
combined crowd,GB,2021-08-14,2021-07-19,4,Cases,log,1.02863905564718,0.0452417005958777,0,0.983397355051302,Cases - log
combined crowd,GB,2021-08-14,2021-07-19,4,Cases,natural,370665.325652174,30036.7604347826,0,340628.565217391,Cases - natural
combined crowd,GB,2021-08-14,2021-07-19,4,Cases,sqrt,304.322611732242,18.3956232199919,0,285.92698851225,Cases - sqrt
direct crowd,GB,2021-08-14,2021-07-19,4,Cases,log,0.996293338409368,0.0506262841584346,0,0.945667054250933,Cases - log
direct crowd,GB,2021-08-14,2021-07-19,4,Cases,natural,352324.033478261,32742.9465217391,0,319581.086956522,Cases - natural
direct crowd,GB,2021-08-14,2021-07-19,4,Cases,sqrt,292.185296220791,20.3154686240445,0,271.869827596747,Cases - sqrt
rt crowd,GB,2021-08-14,2021-07-19,4,Cases,log,1.13944018269851,0.0423788156187036,0,1.0970613670798,Cases - log
rt crowd,GB,2021-08-14,2021-07-19,4,Cases,natural,435266.299130435,31004.3426086957,0,404261.956521739,Cases - natural
rt crowd,GB,2021-08-14,2021-07-19,4,Cases,sqrt,346.371806765868,18.0921468945182,0,328.27965987135,Cases - sqrt
combined crowd,GB,2021-08-14,2021-07-26,3,Cases,log,0.152143834230016,0.0684507407470564,0,0.08369309348296,Cases - log
combined crowd,GB,2021-08-14,2021-07-26,3,Cases,natural,36806.1108695652,18230.2847826087,0,18575.8260869565,Cases - natural
combined crowd,GB,2021-08-14,2021-07-26,3,Cases,sqrt,37.3107990041731,17.6115277231467,0,19.6992712810264,Cases - sqrt
direct crowd,GB,2021-08-14,2021-07-26,3,Cases,log,0.0991988660423788,0.0540169721677568,0,0.045181893874622,Cases - log
direct crowd,GB,2021-08-14,2021-07-26,3,Cases,natural,22467.4234782609,12933.2930434783,0,9534.13043478261,Cases - natural
direct crowd,GB,2021-08-14,2021-07-26,3,Cases,sqrt,23.5470225046021,13.1716935782616,0,10.3753289263404,Cases - sqrt
rt crowd,GB,2021-08-14,2021-07-26,3,Cases,log,0.145346095297798,0.0670008729049064,0,0.0783452223928912,Cases - log
rt crowd,GB,2021-08-14,2021-07-26,3,Cases,natural,34972.5991304348,17724.9904347826,0,17247.6086956522,Cases - natural
rt crowd,GB,2021-08-14,2021-07-26,3,Cases,sqrt,35.550130165734,17.1844935127911,0,18.3656366529429,Cases - sqrt
combined crowd,GB,2021-08-14,2021-08-02,2,Cases,log,0.102325275400139,0.0564760887701058,0.0458491866300333,0,Cases - log
combined crowd,GB,2021-08-14,2021-08-02,2,Cases,natural,17906.9756521739,9309.8452173913,8597.13043478261,0,Cases - natural
combined crowd,GB,2021-08-14,2021-08-02,2,Cases,sqrt,21.3571555425814,11.4323101696643,9.92484537291712,0,Cases - sqrt
direct crowd,GB,2021-08-14,2021-08-02,2,Cases,log,0.0931082721157887,0.0549954332421605,0.0381128388736283,0,Cases - log
direct crowd,GB,2021-08-14,2021-08-02,2,Cases,natural,16423.2560869565,9280.90826086956,7142.34782608696,0,Cases - natural
direct crowd,GB,2021-08-14,2021-08-02,2,Cases,sqrt,19.5128470189136,11.2651608272951,8.24768619161851,0,Cases - sqrt
rt crowd,GB,2021-08-14,2021-08-02,2,Cases,log,0.105643098638476,0.0561961931114343,0.049446905527042,0,Cases - log
rt crowd,GB,2021-08-14,2021-08-02,2,Cases,natural,18397.7547826087,9160.79826086957,9236.95652173913,0,Cases - natural
rt crowd,GB,2021-08-14,2021-08-02,2,Cases,sqrt,21.9963145661502,11.3131013827616,10.6832131833886,0,Cases - sqrt
combined crowd,GB,2021-08-14,2021-08-09,1,Cases,log,0.0279169784819076,0.0276185397040459,0,0.000298438777861683,Cases - log
combined crowd,GB,2021-08-14,2021-08-09,1,Cases,natural,5722.37521739131,5662.85347826087,0,59.5217391304348,Cases - natural
combined crowd,GB,2021-08-14,2021-08-09,1,Cases,sqrt,6.31408909771108,6.24744889454477,0,0.0666402031663117,Cases - sqrt
direct crowd,GB,2021-08-14,2021-08-09,1,Cases,log,0.0810143342857273,0.0420366618285682,0,0.0389776724571592,Cases - log
direct crowd,GB,2021-08-14,2021-08-09,1,Cases,natural,17937.6226086957,9774.49217391304,0,8163.13043478261,Cases - natural
direct crowd,GB,2021-08-14,2021-08-09,1,Cases,sqrt,19.0370511169487,10.1197087631156,0,8.91734235383306,Cases - sqrt
rt crowd,GB,2021-08-14,2021-08-09,1,Cases,log,0.0235511517739758,0.0233194603162032,0,0.000231691457772629,Cases - log
rt crowd,GB,2021-08-14,2021-08-09,1,Cases,natural,4732.09347826087,4685.91956521739,0,46.1739130434783,Cases - natural
rt crowd,GB,2021-08-14,2021-08-09,1,Cases,sqrt,5.27534351415077,5.22362758677762,0,0.0517159273731448,Cases - sqrt
combined crowd,GB,2021-08-21,2021-07-26,4,Cases,log,0.0992847832003659,0.0824262609220066,0,0.0168585222783593,Cases - log
combined crowd,GB,2021-08-21,2021-07-26,4,Cases,natural,23620.292173913,19700.0747826087,0,3920.21739130435,Cases - natural
combined crowd,GB,2021-08-21,2021-07-26,4,Cases,sqrt,24.109950271354,20.0459127531113,0,4.06403751824266,Cases - sqrt
direct crowd,GB,2021-08-21,2021-07-26,4,Cases,log,0.0815508423513768,0.079194315457667,0.0023565268937098,0,Cases - log
direct crowd,GB,2021-08-21,2021-07-26,4,Cases,natural,17099.0595652174,16591.4943478261,507.565217391305,0,Cases - natural
direct crowd,GB,2021-08-21,2021-07-26,4,Cases,sqrt,18.5754406587075,18.0286244540553,0.546816204652215,0,Cases - sqrt
rt crowd,GB,2021-08-21,2021-07-26,4,Cases,log,0.0989750224111252,0.0830620318840777,0,0.0159129905270474,Cases - log
rt crowd,GB,2021-08-21,2021-07-26,4,Cases,natural,23982.2313043478,20285.7095652174,0,3696.52173913044,Cases - natural
rt crowd,GB,2021-08-21,2021-07-26,4,Cases,sqrt,24.2582908530409,20.4241537637427,0,3.83413708929823,Cases - sqrt
combined crowd,GB,2021-08-21,2021-08-02,3,Cases,log,0.186694444216156,0.0802104766508522,0.106483967565304,0,Cases - log
combined crowd,GB,2021-08-21,2021-08-02,3,Cases,natural,33515.5391304348,12703.7130434783,20811.8260869565,0,Cases - natural
combined crowd,GB,2021-08-21,2021-08-02,3,Cases,sqrt,39.3858987483948,15.8686781993577,23.5172205490371,0,Cases - sqrt
direct crowd,GB,2021-08-21,2021-08-02,3,Cases,log,0.336092414426054,0.0803916210696271,0.255700793356427,0,Cases - log
direct crowd,GB,2021-08-21,2021-08-02,3,Cases,natural,56631.36,10184.6643478261,46446.6956521739,0,Cases - natural
direct crowd,GB,2021-08-21,2021-08-02,3,Cases,sqrt,68.602923697266,14.2319241827037,54.3709995145623,0,Cases - sqrt
rt crowd,GB,2021-08-21,2021-08-02,3,Cases,log,0.16764826917259,0.0783181925548072,0.0893300766177827,0,Cases - log
rt crowd,GB,2021-08-21,2021-08-02,3,Cases,natural,30474.8873913044,12800.9308695652,17673.9565217391,0,Cases - natural
rt crowd,GB,2021-08-21,2021-08-02,3,Cases,sqrt,35.6033577908356,15.7505154551335,19.8528423357021,0,Cases - sqrt
combined crowd,GB,2021-08-21,2021-08-09,2,Cases,log,0.0395979649169708,0.0371800543202243,0.00241791059674652,0,Cases - log
combined crowd,GB,2021-08-21,2021-08-09,2,Cases,natural,8421.75086956522,7895.83782608696,525.913043478261,0,Cases - natural
combined crowd,GB,2021-08-21,2021-08-09,2,Cases,sqrt,9.11435901924241,8.55053374230344,0.563825276938973,0,Cases - sqrt
direct crowd,GB,2021-08-21,2021-08-09,2,Cases,log,0.0600982375159301,0.0480164694935888,0,0.0120817680223413,Cases - log
direct crowd,GB,2021-08-21,2021-08-09,2,Cases,natural,14357.1826086957,11612.747826087,0,2744.4347826087,Cases - natural
direct crowd,GB,2021-08-21,2021-08-09,2,Cases,sqrt,14.6613262866427,11.7823675628854,0,2.87895872375732,Cases - sqrt
rt crowd,GB,2021-08-21,2021-08-09,2,Cases,log,0.0388753174752874,0.0364574068785408,0.00241791059674652,0,Cases - log
rt crowd,GB,2021-08-21,2021-08-09,2,Cases,natural,8219.46347826087,7693.55043478261,525.913043478261,0,Cases - natural
rt crowd,GB,2021-08-21,2021-08-09,2,Cases,sqrt,8.92323439400643,8.35940911706746,0.563825276938973,0,Cases - sqrt
combined crowd,GB,2021-08-21,2021-08-16,1,Cases,log,0.0359031539794928,0.0255509438546987,0.0103522101247941,0,Cases - log
combined crowd,GB,2021-08-21,2021-08-16,1,Cases,natural,7593.54130434783,5362.80217391304,2230.73913043478,0,Cases - natural
combined crowd,GB,2021-08-21,2021-08-16,1,Cases,sqrt,8.25192280540283,5.84921931675565,2.40270348864718,0,Cases - sqrt
direct crowd,GB,2021-08-21,2021-08-16,1,Cases,log,0.0518938347219604,0.0491729837770076,0.00272085094495274,0,Cases - log
direct crowd,GB,2021-08-21,2021-08-16,1,Cases,natural,12054.2030434783,11468.7682608696,585.434782608695,0,Cases - natural
direct crowd,GB,2021-08-21,2021-08-16,1,Cases,sqrt,12.4837011113877,11.8526734746579,0.631027636729706,0,Cases - sqrt
rt crowd,GB,2021-08-21,2021-08-16,1,Cases,log,0.0376355405239441,0.0235084873754816,0.0141270531484626,0,Cases - log
rt crowd,GB,2021-08-21,2021-08-16,1,Cases,natural,7884.86782608696,4861.43304347826,3023.4347826087,0,Cases - natural
rt crowd,GB,2021-08-21,2021-08-16,1,Cases,sqrt,8.61022923244017,5.3426311465573,3.26759808588287,0,Cases - sqrt
combined crowd,GB,2021-08-28,2021-08-02,4,Cases,log,0.252208593624458,0.103362768199225,0.148845825425233,0,Cases - log
combined crowd,GB,2021-08-28,2021-08-02,4,Cases,natural,45918.052173913,15741.3565217391,30176.6956521739,0,Cases - natural
combined crowd,GB,2021-08-28,2021-08-02,4,Cases,sqrt,53.4367818868524,19.9802221553428,33.4565597315096,0,Cases - sqrt
direct crowd,GB,2021-08-28,2021-08-02,4,Cases,log,0.619244871845862,0.107060542153855,0.512184329692006,0,Cases - log
direct crowd,GB,2021-08-28,2021-08-02,4,Cases,natural,97424.9652173913,9907.61739130435,87517.347826087,0,Cases - natural
direct crowd,GB,2021-08-28,2021-08-02,4,Cases,sqrt,121.286555676995,16.1098272666776,105.176728410317,0,Cases - sqrt
rt crowd,GB,2021-08-28,2021-08-02,4,Cases,log,0.22696080696492,0.0898036162351365,0.137157190729783,0,Cases - log
rt crowd,GB,2021-08-28,2021-08-02,4,Cases,natural,42733.1369565217,14552.0934782609,28181.0434782609,0,Cases - natural
rt crowd,GB,2021-08-28,2021-08-02,4,Cases,sqrt,48.9914694928003,17.9471657641923,31.044303728608,0,Cases - sqrt
combined crowd,GB,2021-08-28,2021-08-09,3,Cases,log,0.0607300013591672,0.0594058219549364,0.00132417940423077,0,Cases - log
combined crowd,GB,2021-08-28,2021-08-09,3,Cases,natural,13386.302173913,13076.4760869565,309.826086956522,0,Cases - natural
combined crowd,GB,2021-08-28,2021-08-09,3,Cases,sqrt,14.2129863618428,13.8927289853671,0.320257376475739,0,Cases - sqrt
direct crowd,GB,2021-08-28,2021-08-09,3,Cases,log,0.061155865899679,0.0598103601612542,0.00134550573842472,0,Cases - log
direct crowd,GB,2021-08-28,2021-08-09,3,Cases,natural,14146.8573913043,13832.1182608696,314.739130434783,0,Cases - natural
direct crowd,GB,2021-08-28,2021-08-09,3,Cases,sqrt,14.6631584889365,14.3377830644584,0.325375424478058,0,Cases - sqrt
rt crowd,GB,2021-08-28,2021-08-09,3,Cases,log,0.0609078190558616,0.0595836396516308,0.00132417940423077,0,Cases - log
rt crowd,GB,2021-08-28,2021-08-09,3,Cases,natural,13408.0226086957,13098.1965217391,309.826086956522,0,Cases - natural
rt crowd,GB,2021-08-28,2021-08-09,3,Cases,sqrt,14.2440280147321,13.9237706382564,0.320257376475739,0,Cases - sqrt
combined crowd,GB,2021-08-28,2021-08-16,2,Cases,log,0.0656049087074463,0.0400985412920909,0.0255063674153554,0,Cases - log
combined crowd,GB,2021-08-28,2021-08-16,2,Cases,natural,14506.3113043478,8700.00695652174,5806.30434782609,0,Cases - natural
combined crowd,GB,2021-08-28,2021-08-16,2,Cases,sqrt,15.4098716017839,9.32579528399039,6.08407631779346,0,Cases - sqrt
direct crowd,GB,2021-08-28,2021-08-16,2,Cases,log,0.0955984782853391,0.0889606074654738,0.00663787081986532,0,Cases - log
direct crowd,GB,2021-08-28,2021-08-16,2,Cases,natural,23715.3282608696,22201.5891304348,1513.73913043478,0,Cases - natural
direct crowd,GB,2021-08-28,2021-08-16,2,Cases,sqrt,23.6935675214871,22.1088460049162,1.58472151657082,0,Cases - sqrt
rt crowd,GB,2021-08-28,2021-08-16,2,Cases,log,0.0630014357961653,0.0338891272390798,0.0291123085570855,0,Cases - log
rt crowd,GB,2021-08-28,2021-08-16,2,Cases,natural,14000.4708695652,7413.7752173913,6586.69565217391,0,Cases - natural
rt crowd,GB,2021-08-28,2021-08-16,2,Cases,sqrt,14.8385255247589,7.91581285221856,6.92271267254032,0,Cases - sqrt
combined crowd,GB,2021-09-04,2021-08-09,4,Cases,log,0.102564272980423,0.0863653937975762,0.0161988791828471,0,Cases - log
combined crowd,GB,2021-09-04,2021-08-09,4,Cases,natural,21973.1052173913,18222.9313043478,3750.17391304348,0,Cases - natural
combined crowd,GB,2021-09-04,2021-08-09,4,Cases,sqrt,23.624391193958,19.7279473886056,3.89644380535248,0,Cases - sqrt
direct crowd,GB,2021-09-04,2021-08-09,4,Cases,log,0.114713971660408,0.0746305689236652,0.0400834027367427,0,Cases - log
direct crowd,GB,2021-09-04,2021-08-09,4,Cases,natural,24032.2560869565,14913.5169565217,9118.73913043478,0,Cases - natural
direct crowd,GB,2021-09-04,2021-08-09,4,Cases,sqrt,26.1562468065952,16.5997803977229,9.55646640887226,0,Cases - sqrt
rt crowd,GB,2021-09-04,2021-08-09,4,Cases,log,0.0956788386682151,0.0871713807522725,0.00850745791594267,0,Cases - log
rt crowd,GB,2021-09-04,2021-08-09,4,Cases,natural,21446.1765217391,19454.1765217391,1992,0,Cases - natural
rt crowd,GB,2021-09-04,2021-08-09,4,Cases,sqrt,22.5396341343588,20.4814913465388,2.05814278781996,0,Cases - sqrt
combined crowd,GB,2021-09-04,2021-08-16,3,Cases,log,0.0807270848507122,0.0570661751100371,0.023660909740675,0,Cases - log
combined crowd,GB,2021-09-04,2021-08-16,3,Cases,natural,17960.6560869565,12472.7430434783,5487.91304347826,0,Cases - natural
combined crowd,GB,2021-09-04,2021-08-16,3,Cases,sqrt,19.0035538760173,13.3068351473861,5.6967187286312,0,Cases - sqrt
direct crowd,GB,2021-09-04,2021-08-16,3,Cases,log,0.132349092411488,0.122850868947298,0.00949822346419028,0,Cases - log
direct crowd,GB,2021-09-04,2021-08-16,3,Cases,natural,33069.2943478261,30890.2943478261,2179,0,Cases - natural
direct crowd,GB,2021-09-04,2021-08-16,3,Cases,sqrt,32.8145854841447,30.540520269005,2.27406521513973,0,Cases - sqrt
rt crowd,GB,2021-09-04,2021-08-16,3,Cases,log,0.0697403277364587,0.0406891892945123,0.0290511384419464,0,Cases - log
rt crowd,GB,2021-09-04,2021-08-16,3,Cases,natural,15899.0169565217,9208.14739130435,6690.86956521739,0,Cases - natural
rt crowd,GB,2021-09-04,2021-08-16,3,Cases,sqrt,16.6297508287111,9.65991913052597,6.96983169818512,0,Cases - sqrt
combined crowd,GB,2021-09-11,2021-08-16,4,Cases,log,0.0982634644790706,0.0679563560416387,0.0303071084374319,0,Cases - log
combined crowd,GB,2021-09-11,2021-08-16,4,Cases,natural,22701.7186956522,15396.9795652174,7304.73913043478,0,Cases - natural
combined crowd,GB,2021-09-11,2021-08-16,4,Cases,sqrt,23.5496184239334,16.1119602984537,7.43765812547972,0,Cases - sqrt
direct crowd,GB,2021-09-11,2021-08-16,4,Cases,log,0.150607268703666,0.127194878922179,0.0234123897814871,0,Cases - log
direct crowd,GB,2021-09-11,2021-08-16,4,Cases,natural,36429.5626086957,30989.432173913,5440.13043478261,0,Cases - natural
direct crowd,GB,2021-09-11,2021-08-16,4,Cases,sqrt,36.7501048413241,31.1104159239528,5.63968891737125,0,Cases - sqrt
rt crowd,GB,2021-09-11,2021-08-16,4,Cases,log,0.0780976120605744,0.0471711868106309,0.0309264252499435,0,Cases - log
rt crowd,GB,2021-09-11,2021-08-16,4,Cases,natural,18816.9643478261,11316.0947826087,7500.86956521739,0,Cases - natural
rt crowd,GB,2021-09-11,2021-08-16,4,Cases,sqrt,19.1328010903509,11.5185791744573,7.61422191589355,0,Cases - sqrt
